experiment,non-live,live,vertical,full
P1,53.3,31.3,13.7,16.7
P2,141,76,96.3,19
P3,38,31.3,31,15
P4,71.7,27,34.3,19.7
P5,100,37.3,96.7,14.3
P6,187,104.7,249.7,13.7
P7,78,81.3,33.3,15.7
P8,440,96,87,31.3
P9,484.3,457.3,86.3,20.7
P10,120,35,55.7,18.7
,171.33,97.72,78.4,18.48
,,,,
,,,,
,0.044506508,0.659674195,0.083457279,
,,,,
,,,0.01279599,
